[
  {
    "物品名称": "魔童闹海-哪吒1级",
    "兑换数量": 1200
  },
  {
    "物品名称": "踏焰逐风摩托车",
    "兑换数量": 600
  },
  {
    "物品名称": "SCAR-L-魔童闹海哪吒1级",
    "兑换数量": 600
  },
  {
    "物品名称": "集结舱-玉虚云舱",
    "兑换数量": 600
  },
  {
    "物品名称": "飞天猪飞行器1级",
    "兑换数量": 240
  },
  {
    "物品名称": "魔童闹海哪吒降落伞",
    "兑换数量": 80
  },
  {
    "物品名称": "魔童闹海哪吒背包1级",
    "兑换数量": 60
  },
  {
    "物品名称": "魔童闹海哪吒背包2级",
    "兑换数量": 60
  },
  {
    "物品名称": "魔童闹海哪吒背包3级",
    "兑换数量": 60
  },
  {
    "物品名称": "魔童闹海哪吒头盔1级",
    "兑换数量": 60
  },
  {
    "物品名称": "魔童闹海哪吒头盔2级",
    "兑换数量": 60
  },
  {
    "物品名称": "魔童闹海哪吒头盔3级",
    "兑换数量": 60
  },
  {
    "物品名称": "撬棍-火尖枪",
    "兑换数量": 40
  },
  {
    "物品名称": "燃点复合弓-火尖莲影",
    "兑换数量": 80
  },
  {
    "物品名称": "破片手榴弹-火尖莲影",
    "兑换数量": 40
  },
  {
    "物品名称": "背包挂件-火尖莲影",
    "兑换数量": 60
  },
  {
    "物品名称": "飞行器升级组件",
    "兑换数量": 20
  },
  {
    "物品名称": "纳米纤维",
    "兑换数量": 2
  },
  {
    "物品名称": "量子晶体",
    "兑换数量": 10
  },
  {
    "物品名称": "荣耀勋章",
    "兑换数量": 1
  }
]